author,id,price,title
dsa,1557,33,dsad
sdgs,1558,2,gsgs
JD Adams,1560,1000,Spiderman
Confustion,1561,999,Misery
xxx,1564,3000,xxx
John Doe,1566,20,New Book
xxx,1581,123,xxx
i90[,1582,99,98y0
ndi,1585,1000,ogini
xxx,1586,3000,xxx
,1588,0,dadas
sefs,1589,5,fesf
Mr Pot,1590,6,lkjsdlksj
wqerwq,1591,2,1
Mark Tighe,1594,29,Champagne Football
we,1596,,we
andrew,1609,1234,by curl
xxx,1610,3000,xxx
qwerty,1621,123,hiya
xxx,1622,3000,xxx
F. Scott Fitzgerald,1626,123,The Great Gatsby
F. Scott Fitzgerald,1627,123,The Great Gatsby
F. Scott Fitzgerald,1628,123,The Great Gatsby
F. Scott Fitzgerald,1629,123,The Great Gatsby
Me,1633,1000,Test Book
J.R. Tolkien,1639,20,The Lord of the Rings
Jane Austen,1641,20,Pride and Prejudice
xxx,1643,3000,xxx
Carmine Giardino,1644,124,The Great Gatsby
Daniel Defoe,1646,12,Robinson Crusoe
Alexandr Dumas,1647,11,The Three Musketeers
Alexandr Dumas,1648,11,The Three Musketeers
Alexandr Dumas,1649,11,The Three Musketeers
Alexandr Dumas,1650,11,The Three Musketeers
Alexandr Dumas,1651,11,The Three Musketeers
Alexandr Dumas,1652,11,The Three Musketeers
test,1653,123,test title
test,1654,123,test title
test,1655,123,test title
test,1656,123,test title
test,1657,123,test title
